1949,36588,...3,...4
1950,37223,635,1.74
1951,37915,692,1.86
1952,38366,451,1.19
1953,38991,625,1.63
1954,39271,280,0.72
1955,39742,471,1.2
1956,40422,680,1.71
1957,41179,757,1.87
1958,41869,690,1.68
1959,42469,600,1.43
1960,43097,628,1.48
1961,43559,462,1.07
1962,44088,529,1.21
1963,44664,576,1.31
1964,45133,469,1.05
1965,45548,415,0.92
1966,45997,449,0.99
1967,46408,411,0.89
1968,46778,370,0.8
1969,47118,340,0.73
1970,47507,389,0.83
1971,47903,396,0.83
1972,48274,371,0.77
1973,48571,297,0.62
1974,48881,310,0.64
1975,49151,270,0.55
1976,49388,237,0.48
1977,49578,190,0.38
1978,49752,174,0.35
1979,49953,201,0.4
1980,50135,182,0.36
1981,50309,174,0.35
1982,50468,159,0.32
1983,50679,211,0.42
1984,50858,179,0.35
1985,51025,167,0.33
1986,51261,236,0.46
1987,51484,223,0.44
1988,51707,223,0.43
1989,51839,132,0.25
1990,51944,106,0.2
1991,52057,112,0.22
1992,52244,188,0.36
1993,52114,-130,-0.25
1994,51728,-386,-0.74
1995,51297,-431,-0.83
1996,50818,-479,-0.93
1997,50371,-448,-0.88
1998,49918,-453,-0.9
1999,49430,-488,-0.98
2000,48923,-507,-1.02
2001,48457,-466,-0.95
2002,48003,-454,-0.94
2003,47622,-381,-0.79
2004,47281,-342,-0.72
2005,46930,-351,-0.74
2006,46646,-283,-0.6
2007,46373,-273,-0.59
2008,46144,-229,-0.49
2009,45963,-181,-0.39
2010,45779,-184,-0.4
2011,45634,-145,-0.32
2012,45553,-81,-0.18
2013,45426,-127,-0.28
2014,42929,-2497,-5.5
2015,42760,-169,-0.4
2016,42584,-176,-0.41
